{
  "algorithm_version": "v4",
  "test_type": "exact_reference_match",
  "summary": {
    "total_cases": 15,
    "exact_matches": 15,
    "close_matches": 0,
    "successful_cases": 15,
    "failed_cases": 0,
    "success_rate_percent": 100.0,
    "max_difference": 4.986996713363112e-07,
    "worst_case": {
      "case_id": 9,
      "description": "High PTI vs Low PTI",
      "max_diff": 4.986996713363112e-07,
      "adj_diff": 4.986996700040436e-07,
      "player_diff": 4.986996713363112e-07,
      "prob_diff": 2.2211787964465657e-11,
      "k_diff": 0.0
    }
  },
  "detailed_results": [
    {
      "case_id": 1,
      "description": "Original Known Case",
      "status": "\u2705 EXACT",
      "max_diff": 3.328609921027237e-08,
      "reference": {
        "adjustment": 14.912147033286097,
        "player_after": 35.0878529667139,
        "expected_prob": 0.5265985068798065,
        "k_factor": 31.5
      },
      "v4": {
        "adjustment": 14.912147,
        "player_after": 35.087853,
        "expected_prob": 0.5265985069,
        "k_factor": 31.5
      },
      "differences": {
        "adjustment": 3.328609743391553e-08,
        "player_after": 3.328609921027237e-08,
        "expected_prob": 2.0193513527999585e-11,
        "k_factor": 0.0
      }
    },
    {
      "case_id": 2,
      "description": "Equal Teams, Player Wins",
      "status": "\u2705 EXACT",
      "max_diff": 0.0,
      "reference": {
        "adjustment": 15.75,
        "player_after": 14.25,
        "expected_prob": 0.5,
        "k_factor": 31.5
      },
      "v4": {
        "adjustment": 15.75,
        "player_after": 14.25,
        "expected_prob": 0.5,
        "k_factor": 31.5
      },
      "differences": {
        "adjustment": 0.0,
        "player_after": 0.0,
        "expected_prob": 0.0,
        "k_factor": 0.0
      }
    },
    {
      "case_id": 3,
      "description": "Big Underdogs Win (Upset)",
      "status": "\u2705 EXACT",
      "max_diff": 8.888916269711444e-09,
      "reference": {
        "adjustment": 15.070440008888916,
        "player_after": 24.929559991111084,
        "expected_prob": 0.5215733330511455,
        "k_factor": 31.5
      },
      "v4": {
        "adjustment": 15.07044,
        "player_after": 24.92956,
        "expected_prob": 0.5215733331,
        "k_factor": 31.5
      },
      "differences": {
        "adjustment": 8.888916269711444e-09,
        "player_after": 8.888914493354605e-09,
        "expected_prob": 4.8854476020210313e-11,
        "k_factor": 0.0
      }
    },
    {
      "case_id": 4,
      "description": "Big Favorites Win (Expected)",
      "status": "\u2705 EXACT",
      "max_diff": 8.888919822425123e-09,
      "reference": {
        "adjustment": 16.42955999111108,
        "player_after": 8.57044000888892,
        "expected_prob": 0.47842666694885455,
        "k_factor": 31.5
      },
      "v4": {
        "adjustment": 16.42956,
        "player_after": 8.57044,
        "expected_prob": 0.4784266669,
        "k_factor": 31.5
      },
      "differences": {
        "adjustment": 8.888918046068284e-09,
        "player_after": 8.888919822425123e-09,
        "expected_prob": 4.8854531531361545e-11,
        "k_factor": 0.0
      }
    },
    {
      "case_id": 5,
      "description": "Close Match, Favorites Win",
      "status": "\u2705 EXACT",
      "max_diff": 4.041422272393902e-07,
      "reference": {
        "adjustment": 15.863328404142226,
        "player_after": 12.136671595857774,
        "expected_prob": 0.4964022728843737,
        "k_factor": 31.5
      },
      "v4": {
        "adjustment": 15.863328,
        "player_after": 12.136672,
        "expected_prob": 0.4964022729,
        "k_factor": 31.5
      },
      "differences": {
        "adjustment": 4.041422272393902e-07,
        "player_after": 4.041422272393902e-07,
        "expected_prob": 1.5626278049296616e-11,
        "k_factor": 0.0
      }
    },
    {
      "case_id": 6,
      "description": "Different Experience Levels",
      "status": "\u2705 EXACT",
      "max_diff": 7.105427357601002e-15,
      "reference": {
        "adjustment": 18.112499999999997,
        "player_after": 11.887500000000003,
        "expected_prob": 0.5,
        "k_factor": 36.224999999999994
      },
      "v4": {
        "adjustment": 18.1125,
        "player_after": 11.8875,
        "expected_prob": 0.5,
        "k_factor": 36.225
      },
      "differences": {
        "adjustment": 3.552713678800501e-15,
        "player_after": 3.552713678800501e-15,
        "expected_prob": 0.0,
        "k_factor": 7.105427357601002e-15
      }
    },
    {
      "case_id": 7,
      "description": "Blowout Win by Favorites",
      "status": "\u2705 EXACT",
      "max_diff": 8.888919822425123e-09,
      "reference": {
        "adjustment": 16.42955999111108,
        "player_after": 8.57044000888892,
        "expected_prob": 0.47842666694885455,
        "k_factor": 31.5
      },
      "v4": {
        "adjustment": 16.42956,
        "player_after": 8.57044,
        "expected_prob": 0.4784266669,
        "k_factor": 31.5
      },
      "differences": {
        "adjustment": 8.888918046068284e-09,
        "player_after": 8.888919822425123e-09,
        "expected_prob": 4.8854531531361545e-11,
        "k_factor": 0.0
      }
    },
    {
      "case_id": 8,
      "description": "Very Close 3-Set Match",
      "status": "\u2705 EXACT",
      "max_diff": 2.8660654294299093e-07,
      "reference": {
        "adjustment": 15.840663286606542,
        "player_after": 14.159336713393458,
        "expected_prob": 0.4971218004251891,
        "k_factor": 31.5
      },
      "v4": {
        "adjustment": 15.840663,
        "player_after": 14.159337,
        "expected_prob": 0.4971218004,
        "k_factor": 31.5
      },
      "differences": {
        "adjustment": 2.8660654294299093e-07,
        "player_after": 2.8660654294299093e-07,
        "expected_prob": 2.518912856075417e-11,
        "k_factor": 0.0
      }
    },
    {
      "case_id": 9,
      "description": "High PTI vs Low PTI",
      "status": "\u2705 EXACT",
      "max_diff": 4.986996713363112e-07,
      "reference": {
        "adjustment": 17.10659449869967,
        "player_after": 2.893405501300329,
        "expected_prob": 0.4569335079777882,
        "k_factor": 31.5
      },
      "v4": {
        "adjustment": 17.106594,
        "player_after": 2.893406,
        "expected_prob": 0.456933508,
        "k_factor": 31.5
      },
      "differences": {
        "adjustment": 4.986996700040436e-07,
        "player_after": 4.986996713363112e-07,
        "expected_prob": 2.2211787964465657e-11,
        "k_factor": 0.0
      }
    },
    {
      "case_id": 10,
      "description": "Mixed Team vs Balanced Team",
      "status": "\u2705 EXACT",
      "max_diff": 0.0,
      "reference": {
        "adjustment": 15.75,
        "player_after": 34.25,
        "expected_prob": 0.5,
        "k_factor": 31.5
      },
      "v4": {
        "adjustment": 15.75,
        "player_after": 34.25,
        "expected_prob": 0.5,
        "k_factor": 31.5
      },
      "differences": {
        "adjustment": 0.0,
        "player_after": 0.0,
        "expected_prob": 0.0,
        "k_factor": 0.0
      }
    },
    {
      "case_id": 11,
      "description": "Player Loses (Case 1 Reversed)",
      "status": "\u2705 EXACT",
      "max_diff": 3.328609565755869e-08,
      "reference": {
        "adjustment": 16.587852966713903,
        "player_after": 66.58785296671391,
        "expected_prob": 0.5265985068798065,
        "k_factor": 31.5
      },
      "v4": {
        "adjustment": 16.587853,
        "player_after": 66.587853,
        "expected_prob": 0.5265985069,
        "k_factor": 31.5
      },
      "differences": {
        "adjustment": 3.328609565755869e-08,
        "player_after": 3.328608499941765e-08,
        "expected_prob": 2.0193513527999585e-11,
        "k_factor": 0.0
      }
    },
    {
      "case_id": 12,